<?xml version="1.0" encoding="UTF-8"?><metadata>
    <idinfo>
        <citation>
            <citeinfo>
                <origin/>
                <pubdate>20100101</pubdate>
                <title>2010 US Census Block Groups</title>
                <edition>2010</edition>
                <geoform>vector digital data</geoform>
                <onlink>http://www.census.gov/geo/www/tiger</onlink>
                <onlink>http://www.census.gov/geo/www/tiger</onlink>
            </citeinfo>
        </citation>
        <descript>
            <abstract>The TIGER/Line Files are shapefiles and related database files (.dbf) that are an extract of selected geographic and cartographic information from the U.S. Census Bureau's Master Address File / Topologically Integrated Geographic Encoding and Referencing (MAF/TIGER) Database (MTDB). The MTDB represents a seamless national file with no overlaps or gaps between parts, however, each TIGER/Line File is designed to stand alone as an independent data set, or they can be combined to cover the entire nation. Block Groups (BGs) are defined before tabulation block delineation and numbering, but are clusters of blocks within the same census tract that have the same first digit of their 4-digit census block number from the same decennial census. For example, Census 2000 tabulation blocks 3001, 3002, 3003,.., 3999 within Census 2000 tract 1210.02 are also within BG 3 within that census tract. Census 2000 BGs generally contained between 600 and 3,000 people, with an optimum size of 1,500 people. Most BGs were delineated by local participants in the Census Bureau's Participant Statistical Areas Program (PSAP). The Census Bureau delineated BGs only where the PSAP participant declined to delineate BGs or where the Census Bureau could not identify any local PSAP participant. A BG usually covers a contiguous area. Each census tract contains at least one BG, and BGs are uniquely numbered within census tract. Within the standard census geographic hierarchy, BGs never cross county or census tract boundaries, but may cross the boundaries of other geographic entities like county subdivisions, places, urban areas, voting districts, congressional districts, and American Indian / Alaska Native / Native Hawaiian areas. BGs have a valid code range of 0 through 9. BGs coded 0 were intended to only include water area, no land area, and they are generally in territorial seas, coastal water, and Great Lakes water areas. For Census 2000, rather than extending a census tract boundary into the Great Lakes or out to the U.S. nautical three-mile limit, the Census Bureau delineated some census tract boundaries along the shoreline or just offshore. The Census Bureau assigned a default census tract number of 0 and BG of 0 to these offshore, water-only areas not included in regularly numbered census tract areas.</abstract>
            <purpose>In order for others to use the information in the Census MAF/TIGER database in a geographic information system (GIS) or for other geographic applications, the Census Bureau releases to the public extracts of the database in the form of TIGER/Line Shapefiles.</purpose>
        </descript>
        <timeperd>
            <timeinfo>
                <rngdates>
                    <begdate>201001</begdate>
                    <enddate>201007</enddate>
                </rngdates>
            </timeinfo>
            <current>Publication Date</current>
        </timeperd>
        <status>
            <progress>Complete</progress>
        </status>
        <spdom>
            <bounding>
                <westbc>-84.422158</westbc>
                <eastbc>-75.355688</eastbc>
                <northbc>36.617273</northbc>
                <southbc>33.641965</southbc>
            </bounding>
        </spdom>
        <keywords>
            <theme>
                <themekt>ISO 19115 Topic Categories</themekt>
                <themekey>boundaries</themekey>
            </theme>
            <theme>
                <themekt>None</themekt>
                <themekey>BG</themekey>
                <themekey>Block Group</themekey>
                <themekey>State or equivalent entity</themekey>
                <themekey>Polygon</themekey>
            </theme>
            <place>
                <placekt>INCITS.38-200x (R2004),INCITS.31-200x (R2007),INCITS.454-200x,INCITS 455-200x,INCITS 446-2008</placekt>
                <placekey>State or Equivalent Entity</placekey>
                <placekey>U.S.</placekey>
                <placekey>United States</placekey>
                <placekey>NC</placekey>
                <placekey>37</placekey>
                <placekey>North Carolina</placekey>
            </place>
        </keywords>
        <accconst>NoneAccess constraints: None</accconst>
        <useconst>https://www.nconemap.gov/pages/terms</useconst>
        <ptcontac>
            <cntinfo>
                <cntorgp>
                    <cntorg>U.S. Department of Commerce, U.S. Census Bureau, Geography Division, Geographic Products Branch</cntorg>
                </cntorgp>
                <cntaddr>
                    <addrtype>unknown</addrtype>
                    <address>4600 Silver Hill Road, Stop 7400</address>
                    <city>Washington</city>
                    <state>DC</state>
                    <postal>20233-7400</postal>
                    <country>US</country>
                </cntaddr>
                <cntvoice>301-763-1128</cntvoice>
                <cntfax>301-763-4710</cntfax>
                <cntemail>geo.tiger@census.gov</cntemail>
            </cntinfo>
        </ptcontac>
        <native>Esri ArcGIS 12.8.0.29751</native>
    </idinfo>
    <dataqual>
        <lineage>
            <srcinfo>
                <srccite>
                    <citeinfo>
                        <origin/>
                        <title>Census MAF/TIGER database</title>
                    </citeinfo>
                </srccite>
                <typesrc/>
                <srccitea>Census MAF/TIGER database</srccitea>
                <srccontr>The selected geographic and cartographic information (line segments) are derived from the U.S. Census Bureau's Master Address File Topologically Integrated Geographic Encoding and Referencing (MAF/TIGER) database.</srccontr>
            </srcinfo>
            <procstep>
                <procdesc>TIGER/Line Shapefiles are extracted from the Census MAF/TIGER database by nation, state, county, and entity. Census MAF/TIGER data for all of the aforementioned geographic entities are then distributed among the shapefiles each containing attributes for line, polygon, or landmark geographic data.</procdesc>
                <procdate>20100101</procdate>
            </procstep>
            <procstep>
                <procdesc>Projected data to NC Stateplane meters, NAD83.</procdesc>
                <procdate>20110401</procdate>
                <proccont>
                    <cntinfo>
                        <cntorgp>
                            <cntorg>NC CGIA</cntorg>
                        </cntorgp>
                        <cntvoice>919-754-6580</cntvoice>
                        <cntfax>919-715-8551</cntfax>
                        <hours>8am to 5pm</hours>
                        <cntinst>Phone and electronic mail preferred</cntinst>
                    </cntinfo>
                </proccont>
            </procstep>
        </lineage>
    </dataqual>
    <spdoinfo>
        <direct>Vector</direct>
        <ptvctinf>
            <sdtsterm>
                <sdtstype>GT-polygon composed of chains</sdtstype>
                <ptvctcnt>6155</ptvctcnt>
            </sdtsterm>
        </ptvctinf>
    </spdoinfo>
    <eainfo>
        <detailed>
            <enttyp>
                <enttypl>ncom.sdeadmin.cenbg2010</enttypl>
                <enttypd>2010 Census Block Group State-based</enttypd>
                <enttypds>U.S. Census Bureau</enttypds>
            </enttyp>
            <attr>
                <attrlabl>OBJECTID</attrlabl>
                <attrdef>Internal feature number.</attrdef>
                <attrdefs>ESRI</attrdefs>
                <attrdomv>
                                        
                    
                    <udom>Sequential unique whole numbers that are automatically generated.</udom>
                                        
                
                </attrdomv>
            </attr>
            <attr>
                <attrlabl>Shape</attrlabl>
                <attrdef>Feature geometry.</attrdef>
                <attrdefs>ESRI</attrdefs>
                <attrdomv>
                                        
                    
                    <udom>Coordinates defining the features.</udom>
                                        
                
                </attrdomv>
            </attr>
            <attr>
                <attrlabl>total_pop</attrlabl>
            </attr>
            <attr>
                <attrlabl>GEOID10</attrlabl>
                <attrdef>
Census block group identifier; a concatenation of 2010 Census
state Federal Information Processing Standards (FIPS) code,
county FIPS code, census tract code, and block group number
</attrdef>
                <attrdefs>U.S. Census Bureau</attrdefs>
                <attrdomv>
                                        
                    
                    <codesetd>
                                                
                        
                        <codesetn>
INCITS.38-200x (R2004), Codes for the Identification of
the States, the District of Columbia, Puerto Rico, and the
Insular Areas of the United States (Formerly FIPS 5-2),
INCITS.31-200x (R2007), Codes for the Identification of
the Counties and Equivalent Areas of the United States,
Puerto Rico, and the Insular Areas of the United States
(Formerly FIPS 6-4) and the tract code that appears in
TRACTCE10 and the census block group number that appears
in BLKGRPCE10
</codesetn>
                                                
                        
                        <codesets>U.S. Census Bureau</codesets>
                                                
                    
                    </codesetd>
                                        
                
                </attrdomv>
            </attr>
            <attr>
                <attrlabl>st_area(shape)</attrlabl>
            </attr>
            <attr>
                <attrlabl>st_perimeter(shape)</attrlabl>
            </attr>
        </detailed>
    </eainfo>
    <metainfo>
        <metd>20220523</metd>
        <metc>
            <cntinfo>
                <cntorgp>
                    <cntorg>NC CGIA</cntorg>
                </cntorgp>
                <cntvoice>919-754-6580</cntvoice>
                <cntfax>919-715-8551</cntfax>
                <hours>8am to 5pm</hours>
                <cntinst>Phone and electronic mail preferred</cntinst>
            </cntinfo>
        </metc>
        <metstdn>FGDC Content Standard for Digital Geospatial Metadata</metstdn>
        <metstdv>FGDC-STD-001-1998</metstdv>
        <mettc>local time</mettc>
        <metac>NoneAccess constraints: None</metac>
        <metuc>This metadata file is to accompany the dataset. NCCGIA does not support secondary distribution of this dataset without its current, compliant metadata record. If the dataset described in this metadata record was received from anyone besides NCCGIA, this metadata and the dataset it describes may contain discrepancies.</metuc>
    </metainfo>
</metadata>
